[
  {
    "original": "APFF Laguna de T\u00e9rminos",
    "normalized": "laguna terminos",
    "variants": [
      "laguna terminos"
    ]
  },
  {
    "original": "RB Los Tuxtlas",
    "normalized": "tuxtlas",
    "variants": [
      "tuxtlas"
    ]
  },
  {
    "original": "RB Pantanos de Centla",
    "normalized": "pantanos centla",
    "variants": [
      "pantanos centla"
    ]
  },
  {
    "original": "PN Desierto de los Leones",
    "normalized": "desierto leones",
    "variants": [
      "desierto leones"
    ]
  },
  {
    "original": "PN El Chico",
    "normalized": "chico",
    "variants": [
      "chico"
    ]
  },
  {
    "original": "PN El Tepozteco",
    "normalized": "tepozteco",
    "variants": [
      "tepozteco"
    ]
  },
  {
    "original": "PN Grutas de Cacahuamilpa",
    "normalized": "grutas cacahuamilpa",
    "variants": [
      "grutas cacahuamilpa"
    ]
  },
  {
    "original": "PN Lagunas de Zempoala",
    "normalized": "lagunas zempoala",
    "variants": [
      "lagunas zempoala"
    ]
  },
  {
    "original": "RB Barranca de Metztitl\u00e1n",
    "normalized": "barranca metztitlan",
    "variants": [
      "barranca metztitlan"
    ]
  },
  {
    "original": "RB Sierra de Huautla",
    "normalized": "sierra huautla",
    "variants": [
      "sierra huautla"
    ]
  },
  {
    "original": "RB Sierra Gorda",
    "normalized": "sierra gorda",
    "variants": [
      "sierra gorda"
    ]
  },
  {
    "original": "PN Bah\u00eda de Loreto",
    "normalized": "bahia loreto",
    "variants": [
      "bahia loreto"
    ]
  },
  {
    "original": "PN Cabo Pulmo",
    "normalized": "cabo pulmo",
    "variants": [
      "cabo pulmo"
    ]
  },
  {
    "original": "PN Constituci\u00f3n de 1857",
    "normalized": "constitucion 1857",
    "variants": [
      "constitucion 1857"
    ]
  },
  {
    "original": "PN Sierra San Pedro M\u00e1rtir",
    "normalized": "sierra san pedro martir",
    "variants": [
      "sierra san pedro martir"
    ]
  },
  {
    "original": "RB Archipi\u00e9lago de Revillagigedo",
    "normalized": "archipielago revillagigedo",
    "variants": [
      "archipielago revillagigedo"
    ]
  },
  {
    "original": "RB El Vizca\u00edno",
    "normalized": "vizcaino",
    "variants": [
      "vizcaino"
    ]
  },
  {
    "original": "RB Sierra La Laguna",
    "normalized": "sierra laguna",
    "variants": [
      "sierra laguna"
    ]
  },
  {
    "original": "RB Isla de Guadalupe",
    "normalized": "isla guadalupe",
    "variants": [
      "isla guadalupe"
    ]
  },
  {
    "original": "APFF Islas del Golfo de California",
    "normalized": "islas golfo california",
    "variants": [
      "islas golfo california"
    ]
  },
  {
    "original": "RB Alto Golfo de California y Delta del R\u00edo Colorado",
    "normalized": "alto golfo california delta rio colorado",
    "variants": [
      "alto golfo california delta rio colorado"
    ]
  },
  {
    "original": "RB El Pinacate y Gran Desierto de Altar",
    "normalized": "pinacate gran desierto altar",
    "variants": [
      "pinacate gran desierto altar"
    ]
  },
  {
    "original": "RB Isla San Pedro M\u00e1rtir",
    "normalized": "isla san pedro martir",
    "variants": [
      "isla san pedro martir"
    ]
  },
  {
    "original": "APFF Otoch Ma\u2019ax Yetel Kooh",
    "normalized": "otoch maax yetel kooh",
    "variants": [
      "otoch maax yetel kooh"
    ]
  },
  {
    "original": "APFF Uaymil",
    "normalized": "uaymil",
    "variants": [
      "uaymil"
    ]
  },
  {
    "original": "APFF Bala\u2019an K\u2019aax",
    "normalized": "balaan kaax",
    "variants": [
      "balaan kaax"
    ]
  },
  {
    "original": "PN Arrecife Alacranes",
    "normalized": "arrecife alacranes",
    "variants": [
      "arrecife alacranes"
    ]
  },
  {
    "original": "PN Arrecife de Puerto Morelos",
    "normalized": "arrecife puerto morelos",
    "variants": [
      "arrecife puerto morelos"
    ]
  },
  {
    "original": "PN Arrecifes de Cozumel",
    "normalized": "arrecifes cozumel",
    "variants": [
      "arrecifes cozumel"
    ]
  },
  {
    "original": "PN Arrecifes de Xcalak",
    "normalized": "arrecifes xcalak",
    "variants": [
      "arrecifes xcalak"
    ]
  },
  {
    "original": "PN Costa Occidental de Isla Mujeres, Punta Canc\u00fan y Punta Nizuc",
    "normalized": "costa occidental isla mujeres punta cancun punta nizuc",
    "variants": [
      "costa occidental isla mujeres punta cancun punta nizuc"
    ]
  },
  {
    "original": "RB Banco Chinchorro",
    "normalized": "banco chinchorro",
    "variants": [
      "banco chinchorro"
    ]
  },
  {
    "original": "RB Calakmul",
    "normalized": "calakmul",
    "variants": [
      "calakmul"
    ]
  },
  {
    "original": "RB Los Petenes",
    "normalized": "petenes",
    "variants": [
      "petenes"
    ]
  },
  {
    "original": "RB R\u00eda Celestum",
    "normalized": "ria celestum",
    "variants": [
      "ria celestum",
      "ria celestun"
    ]
  },
  {
    "original": "RB R\u00eda Lagartos",
    "normalized": "ria lagartos",
    "variants": [
      "ria lagartos"
    ]
  },
  {
    "original": "RB Sian Ka\u00b4an",
    "normalized": "sian kaan",
    "variants": [
      "sian kaan"
    ]
  },
  {
    "original": "RB Arrecifes de Sian Ka\u00b4an",
    "normalized": "arrecifes sian kaan",
    "variants": [
      "arrecifes sian kaan"
    ]
  },
  {
    "original": "APFF La Primavera",
    "normalized": "primavera",
    "variants": [
      "primavera"
    ]
  },
  {
    "original": "PN Barranca de Cupatitzio",
    "normalized": "barranca cupatitzio",
    "variants": [
      "barranca cupatitzio"
    ]
  },
  {
    "original": "PN Isla Isabel",
    "normalized": "isla isabel",
    "variants": [
      "isla isabel"
    ]
  },
  {
    "original": "PN Nevado de Colima",
    "normalized": "nevado colima",
    "variants": [
      "nevado colima"
    ]
  },
  {
    "original": "PN Islas Marietas",
    "normalized": "islas marietas",
    "variants": [
      "islas marietas"
    ]
  },
  {
    "original": "RB Chamela-Cuixmala",
    "normalized": "chamelacuixmala",
    "variants": [
      "chamelacuixmala",
      "chamelacuixmala"
    ]
  },
  {
    "original": "PN Islas Mar\u00edas",
    "normalized": "islas marias",
    "variants": [
      "islas marias"
    ]
  },
  {
    "original": "RB Mariposa Monarca",
    "normalized": "mariposa monarca",
    "variants": [
      "mariposa monarca"
    ]
  },
  {
    "original": "RB Sierra de Manantl\u00e1n",
    "normalized": "sierra manantlan",
    "variants": [
      "sierra manantlan"
    ]
  },
  {
    "original": "Santuario de las Islas de la Bah\u00eda de Chamela",
    "normalized": "islas bahia chamela",
    "variants": [
      "islas bahia chamela",
      "chamelacuixmala"
    ]
  },
  {
    "original": "APFF Ca\u00f1\u00f3n de Santa Elena",
    "normalized": "canon santa elena",
    "variants": [
      "canon santa elena"
    ]
  },
  {
    "original": "APFF Cuatroci\u00e9negas",
    "normalized": "cuatrocienegas",
    "variants": [
      "cuatrocienegas"
    ]
  },
  {
    "original": "APFF Maderas del Carmen",
    "normalized": "maderas carmen",
    "variants": [
      "maderas carmen"
    ]
  },
  {
    "original": "RB Mapim\u00ed",
    "normalized": "mapimi",
    "variants": [
      "mapimi"
    ]
  },
  {
    "original": "APFF Metzabok",
    "normalized": "metzabok",
    "variants": [
      "metzabok"
    ]
  },
  {
    "original": "APFF Naha",
    "normalized": "naha",
    "variants": [
      "naha"
    ]
  },
  {
    "original": "PN Ca\u00f1\u00f3n del Sumidero",
    "normalized": "canon sumidero",
    "variants": [
      "canon sumidero"
    ]
  },
  {
    "original": "PN Huatulco",
    "normalized": "huatulco",
    "variants": [
      "huatulco"
    ]
  },
  {
    "original": "PN Lagunas de Montebello",
    "normalized": "lagunas montebello",
    "variants": [
      "lagunas montebello"
    ]
  },
  {
    "original": "RB La Encrucijada",
    "normalized": "encrucijada",
    "variants": [
      "encrucijada"
    ]
  },
  {
    "original": "RB La Sepultura",
    "normalized": "sepultura",
    "variants": [
      "sepultura"
    ]
  },
  {
    "original": "RB Montes Azules",
    "normalized": "montes azules",
    "variants": [
      "montes azules"
    ]
  },
  {
    "original": "RB Selva El Ocote",
    "normalized": "selva ocote",
    "variants": [
      "selva ocote"
    ]
  }
]